{
  "timestamp": "2026-03-07T18:04:27.655142",
  "evaluation_type": "test_set_only",
  "evaluation_details": {
    "train_split_ratio": 0.8,
    "test_split_ratio": 0.19999999999999996,
    "random_seed": 42,
    "window_size": 100,
    "stride": 25,
    "test_samples_available": 492,
    "test_samples_evaluated": 492,
    "max_test_samples_requested": 1000,
    "subset_strategy": "random",
    "note": "All models are evaluated on the exact same selected held-out windows"
  },
  "models": [
    "NN-A (Current Architecture)",
    "NN-B (Standard CNN)",
    "NN-C (Lightweight)"
  ],
  "movements": [
    "No_Movement",
    "Wrist_Flexion",
    "Wrist_Extension",
    "Wrist_Pronation",
    "Wrist_Supination",
    "Chuck_Grip",
    "Hand_Open"
  ],
  "accuracy_matrix": [
    [
      100.0,
      100.0,
      92.40506329113924,
      100.0,
      100.0,
      98.50746268656717,
      98.38709677419355
    ],
    [
      100.0,
      100.0,
      97.46835443037975,
      98.36065573770492,
      100.0,
      92.53731343283582,
      100.0
    ],
    [
      100.0,
      98.50746268656717,
      75.9493670886076,
      90.1639344262295,
      61.25000000000001,
      85.07462686567165,
      69.35483870967742
    ]
  ],
  "average_per_model": [
    98.47137467884285,
    98.33804622870294,
    82.90003282525048
  ]
}