{
  "timestamp": "2026-03-16T15:52:35.686268",
  "evaluation_type": "test_set_only",
  "evaluation_details": {
    "train_split_ratio": 0.8,
    "test_split_ratio": 0.19999999999999996,
    "random_seed": 42,
    "window_size": 100,
    "stride": 25,
    "test_samples_available": 492,
    "test_samples_evaluated": 492,
    "max_test_samples_requested": null,
    "subset_strategy": "random",
    "note": "All models are evaluated on the exact same selected held-out windows"
  },
  "models": [
    "NN-A (Current Architecture)",
    "NN-B (Standard CNN)",
    "NN-C (Lightweight)"
  ],
  "movements": [
    "No_Movement",
    "Wrist_Flexion",
    "Wrist_Extension",
    "Wrist_Pronation",
    "Wrist_Supination",
    "Chuck_Grip",
    "Hand_Open"
  ],
  "accuracy_matrix": [
    [
      100.0,
      68.65671641791045,
      34.177215189873415,
      0.0,
      0.0,
      0.0,
      0.0
    ],
    [
      100.0,
      80.59701492537313,
      34.177215189873415,
      16.39344262295082,
      0.0,
      4.477611940298507,
      24.193548387096776
    ],
    [
      100.0,
      37.3134328358209,
      77.21518987341773,
      8.19672131147541,
      55.00000000000001,
      0.0,
      38.70967741935484
    ]
  ],
  "average_per_model": [
    28.97627594396912,
    37.11983329508467,
    45.20500306286698
  ]
}